pokemon,points,smogon_draft_url,Smogon Points
dragapult,19,https://www.smogon.com/dex/sv/pokemon/dragapult/draft/,
sneasler,18,https://www.smogon.com/dex/sv/pokemon/sneasler/draft/,
basculegion,17,https://www.smogon.com/dex/sv/pokemon/basculegion/draft/,
ferrothorn,17,https://www.smogon.com/dex/sv/pokemon/ferrothorn/draft/,
tapu-koko,17,https://www.smogon.com/dex/sv/pokemon/tapu-koko/draft/,
thundurus-incarnate,17,https://www.smogon.com/dex/sv/pokemon/thundurus-incarnate/draft/,
tornadus-incarnate,17,https://www.smogon.com/dex/sv/pokemon/tornadus-incarnate/draft/,
toxapex,17,https://www.smogon.com/dex/sv/pokemon/toxapex/draft/,
basculegion-f,16,https://www.smogon.com/dex/sv/pokemon/basculegion-f/draft/,
cinderace,16,https://www.smogon.com/dex/sv/pokemon/cinderace/draft/,
excadrill,16,https://www.smogon.com/dex/sv/pokemon/excadrill/draft/,
garchomp,16,https://www.smogon.com/dex/sv/pokemon/garchomp/draft/,
gliscor,16,https://www.smogon.com/dex/sv/pokemon/gliscor/draft/,
grimmsnarl,16,https://www.smogon.com/dex/sv/pokemon/grimmsnarl/draft/,
kommo-o,16,https://www.smogon.com/dex/sv/pokemon/kommo-o/draft/,
terrakion,16,https://www.smogon.com/dex/sv/pokemon/terrakion/draft/,
ursaluna,16,https://www.smogon.com/dex/sv/pokemon/ursaluna/draft/,
aegislash,15,https://www.smogon.com/dex/sv/pokemon/aegislash/draft/,
clefable,15,https://www.smogon.com/dex/sv/pokemon/clefable/draft/,
darmanitan-galar,15,https://www.smogon.com/dex/sv/pokemon/darmanitan-galar/draft/,
infernape,15,https://www.smogon.com/dex/sv/pokemon/infernape/draft/,
rillaboom,15,https://www.smogon.com/dex/sv/pokemon/rillaboom/draft/,
rotom-wash,15,https://www.smogon.com/dex/sv/pokemon/rotom-wash/draft/,
scizor,15,https://www.smogon.com/dex/sv/pokemon/scizor/draft/,
suicune,15,https://www.smogon.com/dex/sv/pokemon/suicune/draft/,
sylveon,15,https://www.smogon.com/dex/sv/pokemon/sylveon/draft/,
tapu-fini,15,https://www.smogon.com/dex/sv/pokemon/tapu-fini/draft/,
togekiss,15,https://www.smogon.com/dex/sv/pokemon/togekiss/draft/,
azumarill,14,https://www.smogon.com/dex/sv/pokemon/azumarill/draft/,
corviknight,14,https://www.smogon.com/dex/sv/pokemon/corviknight/draft/,
empoleon,14,https://www.smogon.com/dex/sv/pokemon/empoleon/draft/,
entei,14,https://www.smogon.com/dex/sv/pokemon/entei/draft/,
zapdos-galar,14,https://www.smogon.com/dex/sv/pokemon/zapdos-galar/draft/,
arcanine-hisui,14,https://www.smogon.com/dex/sv/pokemon/arcanine-hisui/draft/,
samurott-hisui,14,https://www.smogon.com/dex/sv/pokemon/samurott-hisui/draft/,
hydreigon,14,https://www.smogon.com/dex/sv/pokemon/hydreigon/draft/,
kleavor,14,https://www.smogon.com/dex/sv/pokemon/kleavor/draft/,
mamoswine,14,https://www.smogon.com/dex/sv/pokemon/mamoswine/draft/,
regieleki,14,https://www.smogon.com/dex/sv/pokemon/regieleki/draft/,
rotom-heat,14,https://www.smogon.com/dex/sv/pokemon/rotom-heat/draft/,
tyranitar,14,https://www.smogon.com/dex/sv/pokemon/tyranitar/draft/,
alakazam,13,https://www.smogon.com/dex/sv/pokemon/alakazam/draft/,
azelf,13,https://www.smogon.com/dex/sv/pokemon/azelf/draft/,
conkeldurr,13,https://www.smogon.com/dex/sv/pokemon/conkeldurr/draft/,
ditto,13,https://www.smogon.com/dex/sv/pokemon/ditto/draft/,
dracovish,13,https://www.smogon.com/dex/sv/pokemon/dracovish/draft/,
gastrodon,13,https://www.smogon.com/dex/sv/pokemon/gastrodon/draft/,
gengar,13,https://www.smogon.com/dex/sv/pokemon/gengar/draft/,
gothitelle,13,https://www.smogon.com/dex/sv/pokemon/gothitelle/draft/,
hawlucha,13,https://www.smogon.com/dex/sv/pokemon/hawlucha/draft/,
zoroark-hisui,13,https://www.smogon.com/dex/sv/pokemon/zoroark-hisui/draft/,
mandibuzz,13,https://www.smogon.com/dex/sv/pokemon/mandibuzz/draft/,
milotic,13,https://www.smogon.com/dex/sv/pokemon/milotic/draft/,
quagsire,13,https://www.smogon.com/dex/sv/pokemon/quagsire/draft/,
raikou,13,https://www.smogon.com/dex/sv/pokemon/raikou/draft/,
reuniclus,13,https://www.smogon.com/dex/sv/pokemon/reuniclus/draft/,
silvally,13,https://www.smogon.com/dex/sv/pokemon/silvally/draft/,
tangrowth,13,https://www.smogon.com/dex/sv/pokemon/tangrowth/draft/,
tapu-lele,13,https://www.smogon.com/dex/sv/pokemon/tapu-lele/draft/,
weavile,13,https://www.smogon.com/dex/sv/pokemon/weavile/draft/,
ninetales-alola,12,https://www.smogon.com/dex/sv/pokemon/ninetales-alola/draft/,
arcanine,12,https://www.smogon.com/dex/sv/pokemon/arcanine/draft/,
barraskewda,12,https://www.smogon.com/dex/sv/pokemon/barraskewda/draft/,
chandelure,12,https://www.smogon.com/dex/sv/pokemon/chandelure/draft/,
chansey,12,https://www.smogon.com/dex/sv/pokemon/chansey/draft/,
dracozolt,12,https://www.smogon.com/dex/sv/pokemon/dracozolt/draft/,
articuno-galar,12,https://www.smogon.com/dex/sv/pokemon/articuno-galar/draft/,
moltres-galar,12,https://www.smogon.com/dex/sv/pokemon/moltres-galar/draft/,
gyarados,12,https://www.smogon.com/dex/sv/pokemon/gyarados/draft/,
haxorus,12,https://www.smogon.com/dex/sv/pokemon/haxorus/draft/,
hippowdon,12,https://www.smogon.com/dex/sv/pokemon/hippowdon/draft/,
goodra-hisui,12,https://www.smogon.com/dex/sv/pokemon/goodra-hisui/draft/,
lilligant-hisui,12,https://www.smogon.com/dex/sv/pokemon/lilligant-hisui/draft/,
shaymin,12,https://www.smogon.com/dex/sv/pokemon/shaymin/draft/,
torterra,12,https://www.smogon.com/dex/sv/pokemon/torterra/draft/,
vaporeon,12,https://www.smogon.com/dex/sv/pokemon/vaporeon/draft/,
zapdos,12,https://www.smogon.com/dex/sv/pokemon/zapdos/draft/,
cobalion,11,https://www.smogon.com/dex/sv/pokemon/cobalion/draft/,
crawdaunt,11,https://www.smogon.com/dex/sv/pokemon/crawdaunt/draft/,
darmanitan,11,https://www.smogon.com/dex/sv/pokemon/darmanitan/draft/,
diggersby,11,https://www.smogon.com/dex/sv/pokemon/diggersby/draft/,
dugtrio,11,https://www.smogon.com/dex/sv/pokemon/dugtrio/draft/,
goodra,11,https://www.smogon.com/dex/sv/pokemon/goodra/draft/,
hatterene,11,https://www.smogon.com/dex/sv/pokemon/hatterene/draft/,
overqwil,11,https://www.smogon.com/dex/sv/pokemon/overqwil/draft/,
pelipper,11,https://www.smogon.com/dex/sv/pokemon/pelipper/draft/,
porygon2,11,https://www.smogon.com/dex/sv/pokemon/porygon2/draft/,
ribombee,11,https://www.smogon.com/dex/sv/pokemon/ribombee/draft/,
roserade,11,https://www.smogon.com/dex/sv/pokemon/roserade/draft/,
sableye,11,https://www.smogon.com/dex/sv/pokemon/sableye/draft/,
salazzle,11,https://www.smogon.com/dex/sv/pokemon/salazzle/draft/,
staraptor,11,https://www.smogon.com/dex/sv/pokemon/staraptor/draft/,
bisharp,10,https://www.smogon.com/dex/sv/pokemon/bisharp/draft/,
blissey,10,https://www.smogon.com/dex/sv/pokemon/blissey/draft/,
cinccino,10,https://www.smogon.com/dex/sv/pokemon/cinccino/draft/,
cloyster,10,https://www.smogon.com/dex/sv/pokemon/cloyster/draft/,
gardevoir,10,https://www.smogon.com/dex/sv/pokemon/gardevoir/draft/,
jolteon,10,https://www.smogon.com/dex/sv/pokemon/jolteon/draft/,
magnezone,10,https://www.smogon.com/dex/sv/pokemon/magnezone/draft/,
mesprit,10,https://www.smogon.com/dex/sv/pokemon/mesprit/draft/,
mimikyu,10,https://www.smogon.com/dex/sv/pokemon/mimikyu/draft/,
moltres,10,https://www.smogon.com/dex/sv/pokemon/moltres/draft/,
noivern,10,https://www.smogon.com/dex/sv/pokemon/noivern/draft/,
obstagoon,10,https://www.smogon.com/dex/sv/pokemon/obstagoon/draft/,
polteageist,10,https://www.smogon.com/dex/sv/pokemon/polteageist/draft/,
porygon-z,10,https://www.smogon.com/dex/sv/pokemon/porygon-z/draft/,
regidrago,10,https://www.smogon.com/dex/sv/pokemon/regidrago/draft/,
rotom-mow,10,https://www.smogon.com/dex/sv/pokemon/rotom-mow/draft/,
snorlax,10,https://www.smogon.com/dex/sv/pokemon/snorlax/draft/,
torkoal,10,https://www.smogon.com/dex/sv/pokemon/torkoal/draft/,
ambipom,9,https://www.smogon.com/dex/sv/pokemon/ambipom/draft/,
arctozolt,9,https://www.smogon.com/dex/sv/pokemon/arctozolt/draft/,
articuno,9,https://www.smogon.com/dex/sv/pokemon/articuno/draft/,
barbaracle,9,https://www.smogon.com/dex/sv/pokemon/barbaracle/draft/,
bronzong,9,https://www.smogon.com/dex/sv/pokemon/bronzong/draft/,
crustle,9,https://www.smogon.com/dex/sv/pokemon/crustle/draft/,
duraludon,9,https://www.smogon.com/dex/sv/pokemon/duraludon/draft/,
weezing-galar,9,https://www.smogon.com/dex/sv/pokemon/weezing-galar/draft/,
gallade,9,https://www.smogon.com/dex/sv/pokemon/gallade/draft/,
gligar,9,https://www.smogon.com/dex/sv/pokemon/gligar/draft/,
braviary-hisui,9,https://www.smogon.com/dex/sv/pokemon/braviary-hisui/draft/,
typhlosion-hisui,9,https://www.smogon.com/dex/sv/pokemon/typhlosion-hisui/draft/,
lucario,9,https://www.smogon.com/dex/sv/pokemon/lucario/draft/,
ninetales,9,https://www.smogon.com/dex/sv/pokemon/ninetales/draft/,
pyukumuku,9,https://www.smogon.com/dex/sv/pokemon/pyukumuku/draft/,
registeel,9,https://www.smogon.com/dex/sv/pokemon/registeel/draft/,
sigilyph,9,https://www.smogon.com/dex/sv/pokemon/sigilyph/draft/,
slurpuff,9,https://www.smogon.com/dex/sv/pokemon/slurpuff/draft/,
toxtricity,9,https://www.smogon.com/dex/sv/pokemon/toxtricity/draft/,
umbreon,9,https://www.smogon.com/dex/sv/pokemon/umbreon/draft/,
uxie,9,https://www.smogon.com/dex/sv/pokemon/uxie/draft/,
araquanid,8,https://www.smogon.com/dex/sv/pokemon/araquanid/draft/,
cofagrigus,8,https://www.smogon.com/dex/sv/pokemon/cofagrigus/draft/,
dusclops,8,https://www.smogon.com/dex/sv/pokemon/dusclops/draft/,
espeon,8,https://www.smogon.com/dex/sv/pokemon/espeon/draft/,
flygon,8,https://www.smogon.com/dex/sv/pokemon/flygon/draft/,
galvantula,8,https://www.smogon.com/dex/sv/pokemon/galvantula/draft/,
heracross,8,https://www.smogon.com/dex/sv/pokemon/heracross/draft/,
decidueye-hisui,8,https://www.smogon.com/dex/sv/pokemon/decidueye-hisui/draft/,
hitmonlee,8,https://www.smogon.com/dex/sv/pokemon/hitmonlee/draft/,
hitmontop,8,https://www.smogon.com/dex/sv/pokemon/hitmontop/draft/,
jellicent,8,https://www.smogon.com/dex/sv/pokemon/jellicent/draft/,
murkrow,8,https://www.smogon.com/dex/sv/pokemon/murkrow/draft/,
regirock,8,https://www.smogon.com/dex/sv/pokemon/regirock/draft/,
scrafty,8,https://www.smogon.com/dex/sv/pokemon/scrafty/draft/,
tentacruel,8,https://www.smogon.com/dex/sv/pokemon/tentacruel/draft/,
trevenant,8,https://www.smogon.com/dex/sv/pokemon/trevenant/draft/,
tsareena,8,https://www.smogon.com/dex/sv/pokemon/tsareena/draft/,
virizion,8,https://www.smogon.com/dex/sv/pokemon/virizion/draft/,
whimsicott,8,https://www.smogon.com/dex/sv/pokemon/whimsicott/draft/,
arctovish,7,https://www.smogon.com/dex/sv/pokemon/arctovish/draft/,
basculin,7,https://www.smogon.com/dex/sv/pokemon/basculin/draft/,
doublade,7,https://www.smogon.com/dex/sv/pokemon/doublade/draft/,
drapion,7,https://www.smogon.com/dex/sv/pokemon/drapion/draft/,
drednaw,7,https://www.smogon.com/dex/sv/pokemon/drednaw/draft/,
eiscue,7,https://www.smogon.com/dex/sv/pokemon/eiscue/draft/,
frosmoth,7,https://www.smogon.com/dex/sv/pokemon/frosmoth/draft/,
corsola-galar,7,https://www.smogon.com/dex/sv/pokemon/corsola-galar/draft/,
gigalith,7,https://www.smogon.com/dex/sv/pokemon/gigalith/draft/,
golisopod,7,https://www.smogon.com/dex/sv/pokemon/golisopod/draft/,
golurk,7,https://www.smogon.com/dex/sv/pokemon/golurk/draft/,
heliolisk,7,https://www.smogon.com/dex/sv/pokemon/heliolisk/draft/,
electrode-hisui,7,https://www.smogon.com/dex/sv/pokemon/electrode-hisui/draft/,
lapras,7,https://www.smogon.com/dex/sv/pokemon/lapras/draft/,
linoone,7,https://www.smogon.com/dex/sv/pokemon/linoone/draft/,
machamp,7,https://www.smogon.com/dex/sv/pokemon/machamp/draft/,
mudsdale,7,https://www.smogon.com/dex/sv/pokemon/mudsdale/draft/,
ninjask,7,https://www.smogon.com/dex/sv/pokemon/ninjask/draft/,
rhyperior,7,https://www.smogon.com/dex/sv/pokemon/rhyperior/draft/,
rotom-frost,7,https://www.smogon.com/dex/sv/pokemon/rotom-frost/draft/,
sandaconda,7,https://www.smogon.com/dex/sv/pokemon/sandaconda/draft/,
scyther,7,https://www.smogon.com/dex/sv/pokemon/scyther/draft/,
seismitoad,7,https://www.smogon.com/dex/sv/pokemon/seismitoad/draft/,
swoobat,7,https://www.smogon.com/dex/sv/pokemon/swoobat/draft/,
type-null,7,https://www.smogon.com/dex/sv/pokemon/type-null/draft/,
bewear,6,https://www.smogon.com/dex/sv/pokemon/bewear/draft/,
charizard,6,https://www.smogon.com/dex/sv/pokemon/charizard/draft/,
coalossal,6,https://www.smogon.com/dex/sv/pokemon/coalossal/draft/,
copperajah,6,https://www.smogon.com/dex/sv/pokemon/copperajah/draft/,
crobat,6,https://www.smogon.com/dex/sv/pokemon/crobat/draft/,
dhelmise,6,https://www.smogon.com/dex/sv/pokemon/dhelmise/draft/,
escavalier,6,https://www.smogon.com/dex/sv/pokemon/escavalier/draft/,
ferroseed,6,https://www.smogon.com/dex/sv/pokemon/ferroseed/draft/,
floatzel,6,https://www.smogon.com/dex/sv/pokemon/floatzel/draft/,
froslass,6,https://www.smogon.com/dex/sv/pokemon/froslass/draft/,
golbat,6,https://www.smogon.com/dex/sv/pokemon/golbat/draft/,
gurdurr,6,https://www.smogon.com/dex/sv/pokemon/gurdurr/draft/,
honchkrow,6,https://www.smogon.com/dex/sv/pokemon/honchkrow/draft/,
inteleon,6,https://www.smogon.com/dex/sv/pokemon/inteleon/draft/,
lanturn,6,https://www.smogon.com/dex/sv/pokemon/lanturn/draft/,
magmortar,6,https://www.smogon.com/dex/sv/pokemon/magmortar/draft/,
magneton,6,https://www.smogon.com/dex/sv/pokemon/magneton/draft/,
mantine,6,https://www.smogon.com/dex/sv/pokemon/mantine/draft/,
medicham,6,https://www.smogon.com/dex/sv/pokemon/medicham/draft/,
mismagius,6,https://www.smogon.com/dex/sv/pokemon/mismagius/draft/,
pangoro,6,https://www.smogon.com/dex/sv/pokemon/pangoro/draft/,
piloswine,6,https://www.smogon.com/dex/sv/pokemon/piloswine/draft/,
qwilfish,6,https://www.smogon.com/dex/sv/pokemon/qwilfish/draft/,
rotom-fan,6,https://www.smogon.com/dex/sv/pokemon/rotom-fan/draft/,
runerigus,6,https://www.smogon.com/dex/sv/pokemon/runerigus/draft/,
shedinja,6,https://www.smogon.com/dex/sv/pokemon/shedinja/draft/,
sirfetch-d,6,https://www.smogon.com/dex/sv/pokemon/sirfetch-d/draft/,
spiritomb,6,https://www.smogon.com/dex/sv/pokemon/spiritomb/draft/,
ursaring,6,https://www.smogon.com/dex/sv/pokemon/ursaring/draft/,
vanilluxe,6,https://www.smogon.com/dex/sv/pokemon/vanilluxe/draft/,
vikavolt,6,https://www.smogon.com/dex/sv/pokemon/vikavolt/draft/,
weezing,6,https://www.smogon.com/dex/sv/pokemon/weezing/draft/,
yanmega,6,https://www.smogon.com/dex/sv/pokemon/yanmega/draft/,
alcremie,5,https://www.smogon.com/dex/sv/pokemon/alcremie/draft/,
persian-alola,5,https://www.smogon.com/dex/sv/pokemon/persian-alola/draft/,
raichu-alola,5,https://www.smogon.com/dex/sv/pokemon/raichu-alola/draft/,
appletun,5,https://www.smogon.com/dex/sv/pokemon/appletun/draft/,
aromatisse,5,https://www.smogon.com/dex/sv/pokemon/aromatisse/draft/,
beartic,5,https://www.smogon.com/dex/sv/pokemon/beartic/draft/,
braviary,5,https://www.smogon.com/dex/sv/pokemon/braviary/draft/,
centiskorch,5,https://www.smogon.com/dex/sv/pokemon/centiskorch/draft/,
drampa,5,https://www.smogon.com/dex/sv/pokemon/drampa/draft/,
drifblim,5,https://www.smogon.com/dex/sv/pokemon/drifblim/draft/,
dubwool,5,https://www.smogon.com/dex/sv/pokemon/dubwool/draft/,
dusknoir,5,https://www.smogon.com/dex/sv/pokemon/dusknoir/draft/,
electivire,5,https://www.smogon.com/dex/sv/pokemon/electivire/draft/,
flapple,5,https://www.smogon.com/dex/sv/pokemon/flapple/draft/,
rapidash-galar,5,https://www.smogon.com/dex/sv/pokemon/rapidash-galar/draft/,
glaceon,5,https://www.smogon.com/dex/sv/pokemon/glaceon/draft/,
gourgeist,5,https://www.smogon.com/dex/sv/pokemon/gourgeist/draft/,
avalugg-hisui,5,https://www.smogon.com/dex/sv/pokemon/avalugg-hisui/draft/,
qwilfish-hisui,5,https://www.smogon.com/dex/sv/pokemon/qwilfish-hisui/draft/,
sliggoo-hisui,5,https://www.smogon.com/dex/sv/pokemon/sliggoo-hisui/draft/,
hitmonchan,5,https://www.smogon.com/dex/sv/pokemon/hitmonchan/draft/,
klinklang,5,https://www.smogon.com/dex/sv/pokemon/klinklang/draft/,
liepard,5,https://www.smogon.com/dex/sv/pokemon/liepard/draft/,
ludicolo,5,https://www.smogon.com/dex/sv/pokemon/ludicolo/draft/,
malamar,5,https://www.smogon.com/dex/sv/pokemon/malamar/draft/,
meowstic,5,https://www.smogon.com/dex/sv/pokemon/meowstic/draft/,
orbeetle,5,https://www.smogon.com/dex/sv/pokemon/orbeetle/draft/,
passimian,5,https://www.smogon.com/dex/sv/pokemon/passimian/draft/,
perrserker,5,https://www.smogon.com/dex/sv/pokemon/perrserker/draft/,
rampardos,5,https://www.smogon.com/dex/sv/pokemon/rampardos/draft/,
rhydon,5,https://www.smogon.com/dex/sv/pokemon/rhydon/draft/,
rotom,5,https://www.smogon.com/dex/sv/pokemon/rotom/draft/,
shuckle,5,https://www.smogon.com/dex/sv/pokemon/shuckle/draft/,
steelix,5,https://www.smogon.com/dex/sv/pokemon/steelix/draft/,
stunfisk,5,https://www.smogon.com/dex/sv/pokemon/stunfisk/draft/,
toxicroak,5,https://www.smogon.com/dex/sv/pokemon/toxicroak/draft/,
vileplume,5,https://www.smogon.com/dex/sv/pokemon/vileplume/draft/,
wyrdeer,5,https://www.smogon.com/dex/sv/pokemon/wyrdeer/draft/,
xatu,5,https://www.smogon.com/dex/sv/pokemon/xatu/draft/,
accelgor,4,https://www.smogon.com/dex/sv/pokemon/accelgor/draft/,
vulpix-alola,4,https://www.smogon.com/dex/sv/pokemon/vulpix-alola/draft/,
avalugg,4,https://www.smogon.com/dex/sv/pokemon/avalugg/draft/,
claydol,4,https://www.smogon.com/dex/sv/pokemon/claydol/draft/,
clefairy,4,https://www.smogon.com/dex/sv/pokemon/clefairy/draft/,
cottonee,4,https://www.smogon.com/dex/sv/pokemon/cottonee/draft/,
durant,4,https://www.smogon.com/dex/sv/pokemon/durant/draft/,
eldegoss,4,https://www.smogon.com/dex/sv/pokemon/eldegoss/draft/,
falinks,4,https://www.smogon.com/dex/sv/pokemon/falinks/draft/,
flareon,4,https://www.smogon.com/dex/sv/pokemon/flareon/draft/,
stunfisk-galar,4,https://www.smogon.com/dex/sv/pokemon/stunfisk-galar/draft/,
garbodor,4,https://www.smogon.com/dex/sv/pokemon/garbodor/draft/,
golduck,4,https://www.smogon.com/dex/sv/pokemon/golduck/draft/,
sneasel-hisui,4,https://www.smogon.com/dex/sv/pokemon/sneasel-hisui/draft/,
indeedee,4,https://www.smogon.com/dex/sv/pokemon/indeedee/draft/,
leafeon,4,https://www.smogon.com/dex/sv/pokemon/leafeon/draft/,
lickilicky,4,https://www.smogon.com/dex/sv/pokemon/lickilicky/draft/,
luxray,4,https://www.smogon.com/dex/sv/pokemon/luxray/draft/,
magnemite,4,https://www.smogon.com/dex/sv/pokemon/magnemite/draft/,
mawile,4,https://www.smogon.com/dex/sv/pokemon/mawile/draft/,
morgrem,4,https://www.smogon.com/dex/sv/pokemon/morgrem/draft/,
morpeko,4,https://www.smogon.com/dex/sv/pokemon/morpeko/draft/,
mr-rime,4,https://www.smogon.com/dex/sv/pokemon/mr-rime/draft/,
musharna,4,https://www.smogon.com/dex/sv/pokemon/musharna/draft/,
pincurchin,4,https://www.smogon.com/dex/sv/pokemon/pincurchin/draft/,
prinplup,4,https://www.smogon.com/dex/sv/pokemon/prinplup/draft/,
probopass,4,https://www.smogon.com/dex/sv/pokemon/probopass/draft/,
raichu,4,https://www.smogon.com/dex/sv/pokemon/raichu/draft/,
rapidash,4,https://www.smogon.com/dex/sv/pokemon/rapidash/draft/,
regigigas,4,https://www.smogon.com/dex/sv/pokemon/regigigas/draft/,
roselia,4,https://www.smogon.com/dex/sv/pokemon/roselia/draft/,
sawk,4,https://www.smogon.com/dex/sv/pokemon/sawk/draft/,
shiftry,4,https://www.smogon.com/dex/sv/pokemon/shiftry/draft/,
skuntank,4,https://www.smogon.com/dex/sv/pokemon/skuntank/draft/,
sneasel,4,https://www.smogon.com/dex/sv/pokemon/sneasel/draft/,
tangela,4,https://www.smogon.com/dex/sv/pokemon/tangela/draft/,
thwackey,4,https://www.smogon.com/dex/sv/pokemon/thwackey/draft/,
togetic,4,https://www.smogon.com/dex/sv/pokemon/togetic/draft/,
tropius,4,https://www.smogon.com/dex/sv/pokemon/tropius/draft/,
turtonator,4,https://www.smogon.com/dex/sv/pokemon/turtonator/draft/,
vulpix,4,https://www.smogon.com/dex/sv/pokemon/vulpix/draft/,
walrein,4,https://www.smogon.com/dex/sv/pokemon/walrein/draft/,
wobbuffet,4,https://www.smogon.com/dex/sv/pokemon/wobbuffet/draft/,
abomasnow,3,https://www.smogon.com/dex/sv/pokemon/abomasnow/draft/,
dugtrio-alola,3,https://www.smogon.com/dex/sv/pokemon/dugtrio-alola/draft/,
altaria,3,https://www.smogon.com/dex/sv/pokemon/altaria/draft/,
beheeyem,3,https://www.smogon.com/dex/sv/pokemon/beheeyem/draft/,
bibarel,3,https://www.smogon.com/dex/sv/pokemon/bibarel/draft/,
boltund,3,https://www.smogon.com/dex/sv/pokemon/boltund/draft/,
carkol,3,https://www.smogon.com/dex/sv/pokemon/carkol/draft/,
charjabug,3,https://www.smogon.com/dex/sv/pokemon/charjabug/draft/,
diglett,3,https://www.smogon.com/dex/sv/pokemon/diglett/draft/,
electabuzz,3,https://www.smogon.com/dex/sv/pokemon/electabuzz/draft/,
haunter,3,https://www.smogon.com/dex/sv/pokemon/haunter/draft/,
houndoom,3,https://www.smogon.com/dex/sv/pokemon/houndoom/draft/,
kingler,3,https://www.smogon.com/dex/sv/pokemon/kingler/draft/,
magmar,3,https://www.smogon.com/dex/sv/pokemon/magmar/draft/,
manectric,3,https://www.smogon.com/dex/sv/pokemon/manectric/draft/,
monferno,3,https://www.smogon.com/dex/sv/pokemon/monferno/draft/,
mr-mime,3,https://www.smogon.com/dex/sv/pokemon/mr-mime/draft/,
pachirisu,3,https://www.smogon.com/dex/sv/pokemon/pachirisu/draft/,
palpitoad,3,https://www.smogon.com/dex/sv/pokemon/palpitoad/draft/,
pikachu,3,https://www.smogon.com/dex/sv/pokemon/pikachu/draft/,
purugly,3,https://www.smogon.com/dex/sv/pokemon/purugly/draft/,
shiinotic,3,https://www.smogon.com/dex/sv/pokemon/shiinotic/draft/,
starly,3,https://www.smogon.com/dex/sv/pokemon/starly/draft/,
thievul,3,https://www.smogon.com/dex/sv/pokemon/thievul/draft/,
throh,3,https://www.smogon.com/dex/sv/pokemon/throh/draft/,
togedemaru,3,https://www.smogon.com/dex/sv/pokemon/togedemaru/draft/,
wailord,3,https://www.smogon.com/dex/sv/pokemon/wailord/draft/,
whiscash,3,https://www.smogon.com/dex/sv/pokemon/whiscash/draft/,
absol,2,https://www.smogon.com/dex/sv/pokemon/absol/draft/,
bastiodon,2,https://www.smogon.com/dex/sv/pokemon/bastiodon/draft/,
beautifly,2,https://www.smogon.com/dex/sv/pokemon/beautifly/draft/,
bellossom,2,https://www.smogon.com/dex/sv/pokemon/bellossom/draft/,
boldore,2,https://www.smogon.com/dex/sv/pokemon/boldore/draft/,
butterfree,2,https://www.smogon.com/dex/sv/pokemon/butterfree/draft/,
charmeleon,2,https://www.smogon.com/dex/sv/pokemon/charmeleon/draft/,
chimecho,2,https://www.smogon.com/dex/sv/pokemon/chimecho/draft/,
corsola,2,https://www.smogon.com/dex/sv/pokemon/corsola/draft/,
corvisquire,2,https://www.smogon.com/dex/sv/pokemon/corvisquire/draft/,
cramorant,2,https://www.smogon.com/dex/sv/pokemon/cramorant/draft/,
cursola,2,https://www.smogon.com/dex/sv/pokemon/cursola/draft/,
cutiefly,2,https://www.smogon.com/dex/sv/pokemon/cutiefly/draft/,
dottler,2,https://www.smogon.com/dex/sv/pokemon/dottler/draft/,
drakloak,2,https://www.smogon.com/dex/sv/pokemon/drakloak/draft/,
duosion,2,https://www.smogon.com/dex/sv/pokemon/duosion/draft/,
dustox,2,https://www.smogon.com/dex/sv/pokemon/dustox/draft/,
fraxure,2,https://www.smogon.com/dex/sv/pokemon/fraxure/draft/,
gabite,2,https://www.smogon.com/dex/sv/pokemon/gabite/draft/,
linoone-galar,2,https://www.smogon.com/dex/sv/pokemon/linoone-galar/draft/,
mr-mime-galar,2,https://www.smogon.com/dex/sv/pokemon/mr-mime-galar/draft/,
girafarig,2,https://www.smogon.com/dex/sv/pokemon/girafarig/draft/,
glalie,2,https://www.smogon.com/dex/sv/pokemon/glalie/draft/,
gloom,2,https://www.smogon.com/dex/sv/pokemon/gloom/draft/,
golem,2,https://www.smogon.com/dex/sv/pokemon/golem/draft/,
gothorita,2,https://www.smogon.com/dex/sv/pokemon/gothorita/draft/,
grapploct,2,https://www.smogon.com/dex/sv/pokemon/grapploct/draft/,
greedent,2,https://www.smogon.com/dex/sv/pokemon/greedent/draft/,
grotle,2,https://www.smogon.com/dex/sv/pokemon/grotle/draft/,
hakamo-o,2,https://www.smogon.com/dex/sv/pokemon/hakamo-o/draft/,
hattrem,2,https://www.smogon.com/dex/sv/pokemon/hattrem/draft/,
heatmor,2,https://www.smogon.com/dex/sv/pokemon/heatmor/draft/,
hippopotas,2,https://www.smogon.com/dex/sv/pokemon/hippopotas/draft/,
impidimp,2,https://www.smogon.com/dex/sv/pokemon/impidimp/draft/,
kadabra,2,https://www.smogon.com/dex/sv/pokemon/kadabra/draft/,
kricketune,2,https://www.smogon.com/dex/sv/pokemon/kricketune/draft/,
lampent,2,https://www.smogon.com/dex/sv/pokemon/lampent/draft/,
lickitung,2,https://www.smogon.com/dex/sv/pokemon/lickitung/draft/,
lombre,2,https://www.smogon.com/dex/sv/pokemon/lombre/draft/,
lopunny,2,https://www.smogon.com/dex/sv/pokemon/lopunny/draft/,
lunatone,2,https://www.smogon.com/dex/sv/pokemon/lunatone/draft/,
machoke,2,https://www.smogon.com/dex/sv/pokemon/machoke/draft/,
maractus,2,https://www.smogon.com/dex/sv/pokemon/maractus/draft/,
mareanie,2,https://www.smogon.com/dex/sv/pokemon/mareanie/draft/,
misdreavus,2,https://www.smogon.com/dex/sv/pokemon/misdreavus/draft/,
mothim,2,https://www.smogon.com/dex/sv/pokemon/mothim/draft/,
munchlax,2,https://www.smogon.com/dex/sv/pokemon/munchlax/draft/,
noctowl,2,https://www.smogon.com/dex/sv/pokemon/noctowl/draft/,
nuzleaf,2,https://www.smogon.com/dex/sv/pokemon/nuzleaf/draft/,
octillery,2,https://www.smogon.com/dex/sv/pokemon/octillery/draft/,
onix,2,https://www.smogon.com/dex/sv/pokemon/onix/draft/,
oranguru,2,https://www.smogon.com/dex/sv/pokemon/oranguru/draft/,
parasect,2,https://www.smogon.com/dex/sv/pokemon/parasect/draft/,
pawniard,2,https://www.smogon.com/dex/sv/pokemon/pawniard/draft/,
persian,2,https://www.smogon.com/dex/sv/pokemon/persian/draft/,
pupitar,2,https://www.smogon.com/dex/sv/pokemon/pupitar/draft/,
purrloin,2,https://www.smogon.com/dex/sv/pokemon/purrloin/draft/,
raboot,2,https://www.smogon.com/dex/sv/pokemon/raboot/draft/,
riolu,2,https://www.smogon.com/dex/sv/pokemon/riolu/draft/,
seaking,2,https://www.smogon.com/dex/sv/pokemon/seaking/draft/,
sliggoo,2,https://www.smogon.com/dex/sv/pokemon/sliggoo/draft/,
snover,2,https://www.smogon.com/dex/sv/pokemon/snover/draft/,
solrock,2,https://www.smogon.com/dex/sv/pokemon/solrock/draft/,
stantler,2,https://www.smogon.com/dex/sv/pokemon/stantler/draft/,
staravia,2,https://www.smogon.com/dex/sv/pokemon/staravia/draft/,
stonjourner,2,https://www.smogon.com/dex/sv/pokemon/stonjourner/draft/,
sudowoodo,2,https://www.smogon.com/dex/sv/pokemon/sudowoodo/draft/,
trapinch,2,https://www.smogon.com/dex/sv/pokemon/trapinch/draft/,
unfezant,2,https://www.smogon.com/dex/sv/pokemon/unfezant/draft/,
unown,2,https://www.smogon.com/dex/sv/pokemon/unown/draft/,
vanillish,2,https://www.smogon.com/dex/sv/pokemon/vanillish/draft/,
vespiquen,2,https://www.smogon.com/dex/sv/pokemon/vespiquen/draft/,
vullaby,2,https://www.smogon.com/dex/sv/pokemon/vullaby/draft/,
wishiwashi,2,https://www.smogon.com/dex/sv/pokemon/wishiwashi/draft/,
wynaut,2,https://www.smogon.com/dex/sv/pokemon/wynaut/draft/,
zweilous,2,https://www.smogon.com/dex/sv/pokemon/zweilous/draft/,
abra,1,https://www.smogon.com/dex/sv/pokemon/abra/draft/,
aipom,1,https://www.smogon.com/dex/sv/pokemon/aipom/draft/,
diglett-alola,1,https://www.smogon.com/dex/sv/pokemon/diglett-alola/draft/,
meowth-alola,1,https://www.smogon.com/dex/sv/pokemon/meowth-alola/draft/,
applin,1,https://www.smogon.com/dex/sv/pokemon/applin/draft/,
arrokuda,1,https://www.smogon.com/dex/sv/pokemon/arrokuda/draft/,
axew,1,https://www.smogon.com/dex/sv/pokemon/axew/draft/,
azurill,1,https://www.smogon.com/dex/sv/pokemon/azurill/draft/,
baltoy,1,https://www.smogon.com/dex/sv/pokemon/baltoy/draft/,
barboach,1,https://www.smogon.com/dex/sv/pokemon/barboach/draft/,
bergmite,1,https://www.smogon.com/dex/sv/pokemon/bergmite/draft/,
bidoof,1,https://www.smogon.com/dex/sv/pokemon/bidoof/draft/,
binacle,1,https://www.smogon.com/dex/sv/pokemon/binacle/draft/,
blipbug,1,https://www.smogon.com/dex/sv/pokemon/blipbug/draft/,
bonsly,1,https://www.smogon.com/dex/sv/pokemon/bonsly/draft/,
bounsweet,1,https://www.smogon.com/dex/sv/pokemon/bounsweet/draft/,
bronzor,1,https://www.smogon.com/dex/sv/pokemon/bronzor/draft/,
budew,1,https://www.smogon.com/dex/sv/pokemon/budew/draft/,
buizel,1,https://www.smogon.com/dex/sv/pokemon/buizel/draft/,
buneary,1,https://www.smogon.com/dex/sv/pokemon/buneary/draft/,
bunnelby,1,https://www.smogon.com/dex/sv/pokemon/bunnelby/draft/,
burmy,1,https://www.smogon.com/dex/sv/pokemon/burmy/draft/,
carnivine,1,https://www.smogon.com/dex/sv/pokemon/carnivine/draft/,
cascoon,1,https://www.smogon.com/dex/sv/pokemon/cascoon/draft/,
caterpie,1,https://www.smogon.com/dex/sv/pokemon/caterpie/draft/,
charmander,1,https://www.smogon.com/dex/sv/pokemon/charmander/draft/,
chatot,1,https://www.smogon.com/dex/sv/pokemon/chatot/draft/,
cherrim,1,https://www.smogon.com/dex/sv/pokemon/cherrim/draft/,
cherubi,1,https://www.smogon.com/dex/sv/pokemon/cherubi/draft/,
chewtle,1,https://www.smogon.com/dex/sv/pokemon/chewtle/draft/,
chimchar,1,https://www.smogon.com/dex/sv/pokemon/chimchar/draft/,
chinchou,1,https://www.smogon.com/dex/sv/pokemon/chinchou/draft/,
chingling,1,https://www.smogon.com/dex/sv/pokemon/chingling/draft/,
cleffa,1,https://www.smogon.com/dex/sv/pokemon/cleffa/draft/,
clobbopus,1,https://www.smogon.com/dex/sv/pokemon/clobbopus/draft/,
combee,1,https://www.smogon.com/dex/sv/pokemon/combee/draft/,
corphish,1,https://www.smogon.com/dex/sv/pokemon/corphish/draft/,
cranidos,1,https://www.smogon.com/dex/sv/pokemon/cranidos/draft/,
croagunk,1,https://www.smogon.com/dex/sv/pokemon/croagunk/draft/,
cubchoo,1,https://www.smogon.com/dex/sv/pokemon/cubchoo/draft/,
cufant,1,https://www.smogon.com/dex/sv/pokemon/cufant/draft/,
cyndaquil,1,https://www.smogon.com/dex/sv/pokemon/cyndaquil/draft/,
dartrix,1,https://www.smogon.com/dex/sv/pokemon/dartrix/draft/,
darumaka,1,https://www.smogon.com/dex/sv/pokemon/darumaka/draft/,
deino,1,https://www.smogon.com/dex/sv/pokemon/deino/draft/,
delibird,1,https://www.smogon.com/dex/sv/pokemon/delibird/draft/,
dewott,1,https://www.smogon.com/dex/sv/pokemon/dewott/draft/,
dewpider,1,https://www.smogon.com/dex/sv/pokemon/dewpider/draft/,
dreepy,1,https://www.smogon.com/dex/sv/pokemon/dreepy/draft/,
drifloon,1,https://www.smogon.com/dex/sv/pokemon/drifloon/draft/,
drilbur,1,https://www.smogon.com/dex/sv/pokemon/drilbur/draft/,
drizzile,1,https://www.smogon.com/dex/sv/pokemon/drizzile/draft/,
duskull,1,https://www.smogon.com/dex/sv/pokemon/duskull/draft/,
dwebble,1,https://www.smogon.com/dex/sv/pokemon/dwebble/draft/,
eevee,1,https://www.smogon.com/dex/sv/pokemon/eevee/draft/,
electrike,1,https://www.smogon.com/dex/sv/pokemon/electrike/draft/,
elekid,1,https://www.smogon.com/dex/sv/pokemon/elekid/draft/,
elgyem,1,https://www.smogon.com/dex/sv/pokemon/elgyem/draft/,
espurr,1,https://www.smogon.com/dex/sv/pokemon/espurr/draft/,
farfetch-d,1,https://www.smogon.com/dex/sv/pokemon/farfetch-d/draft/,
feebas,1,https://www.smogon.com/dex/sv/pokemon/feebas/draft/,
finneon,1,https://www.smogon.com/dex/sv/pokemon/finneon/draft/,
frillish,1,https://www.smogon.com/dex/sv/pokemon/frillish/draft/,
darumaka-galar,1,https://www.smogon.com/dex/sv/pokemon/darumaka-galar/draft/,
farfetch-d-galar,1,https://www.smogon.com/dex/sv/pokemon/farfetch-d-galar/draft/,
meowth-galar,1,https://www.smogon.com/dex/sv/pokemon/meowth-galar/draft/,
ponyta-galar,1,https://www.smogon.com/dex/sv/pokemon/ponyta-galar/draft/,
yamask-galar,1,https://www.smogon.com/dex/sv/pokemon/yamask-galar/draft/,
zigzagoon-galar,1,https://www.smogon.com/dex/sv/pokemon/zigzagoon-galar/draft/,
gastly,1,https://www.smogon.com/dex/sv/pokemon/gastly/draft/,
geodude,1,https://www.smogon.com/dex/sv/pokemon/geodude/draft/,
gible,1,https://www.smogon.com/dex/sv/pokemon/gible/draft/,
glameow,1,https://www.smogon.com/dex/sv/pokemon/glameow/draft/,
goldeen,1,https://www.smogon.com/dex/sv/pokemon/goldeen/draft/,
golett,1,https://www.smogon.com/dex/sv/pokemon/golett/draft/,
goomy,1,https://www.smogon.com/dex/sv/pokemon/goomy/draft/,
gossifleur,1,https://www.smogon.com/dex/sv/pokemon/gossifleur/draft/,
gothita,1,https://www.smogon.com/dex/sv/pokemon/gothita/draft/,
graveler,1,https://www.smogon.com/dex/sv/pokemon/graveler/draft/,
grookey,1,https://www.smogon.com/dex/sv/pokemon/grookey/draft/,
growlithe,1,https://www.smogon.com/dex/sv/pokemon/growlithe/draft/,
grubbin,1,https://www.smogon.com/dex/sv/pokemon/grubbin/draft/,
happiny,1,https://www.smogon.com/dex/sv/pokemon/happiny/draft/,
hatenna,1,https://www.smogon.com/dex/sv/pokemon/hatenna/draft/,
helioptile,1,https://www.smogon.com/dex/sv/pokemon/helioptile/draft/,
growlithe-hisui,1,https://www.smogon.com/dex/sv/pokemon/growlithe-hisui/draft/,
voltorb-hisui,1,https://www.smogon.com/dex/sv/pokemon/voltorb-hisui/draft/,
zorua-hisui,1,https://www.smogon.com/dex/sv/pokemon/zorua-hisui/draft/,
honedge,1,https://www.smogon.com/dex/sv/pokemon/honedge/draft/,
hoothoot,1,https://www.smogon.com/dex/sv/pokemon/hoothoot/draft/,
houndour,1,https://www.smogon.com/dex/sv/pokemon/houndour/draft/,
inkay,1,https://www.smogon.com/dex/sv/pokemon/inkay/draft/,
jangmo-o,1,https://www.smogon.com/dex/sv/pokemon/jangmo-o/draft/,
joltik,1,https://www.smogon.com/dex/sv/pokemon/joltik/draft/,
karrablast,1,https://www.smogon.com/dex/sv/pokemon/karrablast/draft/,
kirlia,1,https://www.smogon.com/dex/sv/pokemon/kirlia/draft/,
klang,1,https://www.smogon.com/dex/sv/pokemon/klang/draft/,
klink,1,https://www.smogon.com/dex/sv/pokemon/klink/draft/,
koffing,1,https://www.smogon.com/dex/sv/pokemon/koffing/draft/,
krabby,1,https://www.smogon.com/dex/sv/pokemon/krabby/draft/,
kricketot,1,https://www.smogon.com/dex/sv/pokemon/kricketot/draft/,
larvitar,1,https://www.smogon.com/dex/sv/pokemon/larvitar/draft/,
litwick,1,https://www.smogon.com/dex/sv/pokemon/litwick/draft/,
lotad,1,https://www.smogon.com/dex/sv/pokemon/lotad/draft/,
lumineon,1,https://www.smogon.com/dex/sv/pokemon/lumineon/draft/,
luxio,1,https://www.smogon.com/dex/sv/pokemon/luxio/draft/,
machop,1,https://www.smogon.com/dex/sv/pokemon/machop/draft/,
magby,1,https://www.smogon.com/dex/sv/pokemon/magby/draft/,
magikarp,1,https://www.smogon.com/dex/sv/pokemon/magikarp/draft/,
mantyke,1,https://www.smogon.com/dex/sv/pokemon/mantyke/draft/,
marill,1,https://www.smogon.com/dex/sv/pokemon/marill/draft/,
meditite,1,https://www.smogon.com/dex/sv/pokemon/meditite/draft/,
meowth,1,https://www.smogon.com/dex/sv/pokemon/meowth/draft/,
metapod,1,https://www.smogon.com/dex/sv/pokemon/metapod/draft/,
milcery,1,https://www.smogon.com/dex/sv/pokemon/milcery/draft/,
mime-jr,1,https://www.smogon.com/dex/sv/pokemon/mime-jr/draft/,
minccino,1,https://www.smogon.com/dex/sv/pokemon/minccino/draft/,
morelull,1,https://www.smogon.com/dex/sv/pokemon/morelull/draft/,
mudbray,1,https://www.smogon.com/dex/sv/pokemon/mudbray/draft/,
munna,1,https://www.smogon.com/dex/sv/pokemon/munna/draft/,
natu,1,https://www.smogon.com/dex/sv/pokemon/natu/draft/,
nickit,1,https://www.smogon.com/dex/sv/pokemon/nickit/draft/,
nincada,1,https://www.smogon.com/dex/sv/pokemon/nincada/draft/,
noibat,1,https://www.smogon.com/dex/sv/pokemon/noibat/draft/,
nosepass,1,https://www.smogon.com/dex/sv/pokemon/nosepass/draft/,
oddish,1,https://www.smogon.com/dex/sv/pokemon/oddish/draft/,
oshawott,1,https://www.smogon.com/dex/sv/pokemon/oshawott/draft/,
pancham,1,https://www.smogon.com/dex/sv/pokemon/pancham/draft/,
paras,1,https://www.smogon.com/dex/sv/pokemon/paras/draft/,
petilil,1,https://www.smogon.com/dex/sv/pokemon/petilil/draft/,
phantump,1,https://www.smogon.com/dex/sv/pokemon/phantump/draft/,
pichu,1,https://www.smogon.com/dex/sv/pokemon/pichu/draft/,
pidove,1,https://www.smogon.com/dex/sv/pokemon/pidove/draft/,
piplup,1,https://www.smogon.com/dex/sv/pokemon/piplup/draft/,
ponyta,1,https://www.smogon.com/dex/sv/pokemon/ponyta/draft/,
porygon,1,https://www.smogon.com/dex/sv/pokemon/porygon/draft/,
psyduck,1,https://www.smogon.com/dex/sv/pokemon/psyduck/draft/,
pumpkaboo,1,https://www.smogon.com/dex/sv/pokemon/pumpkaboo/draft/,
quilava,1,https://www.smogon.com/dex/sv/pokemon/quilava/draft/,
ralts,1,https://www.smogon.com/dex/sv/pokemon/ralts/draft/,
remoraid,1,https://www.smogon.com/dex/sv/pokemon/remoraid/draft/,
rhyhorn,1,https://www.smogon.com/dex/sv/pokemon/rhyhorn/draft/,
roggenrola,1,https://www.smogon.com/dex/sv/pokemon/roggenrola/draft/,
rolycoly,1,https://www.smogon.com/dex/sv/pokemon/rolycoly/draft/,
rookidee,1,https://www.smogon.com/dex/sv/pokemon/rookidee/draft/,
rowlet,1,https://www.smogon.com/dex/sv/pokemon/rowlet/draft/,
rufflet,1,https://www.smogon.com/dex/sv/pokemon/rufflet/draft/,
salandit,1,https://www.smogon.com/dex/sv/pokemon/salandit/draft/,
scorbunny,1,https://www.smogon.com/dex/sv/pokemon/scorbunny/draft/,
scraggy,1,https://www.smogon.com/dex/sv/pokemon/scraggy/draft/,
sealeo,1,https://www.smogon.com/dex/sv/pokemon/sealeo/draft/,
seedot,1,https://www.smogon.com/dex/sv/pokemon/seedot/draft/,
shellder,1,https://www.smogon.com/dex/sv/pokemon/shellder/draft/,
shellos,1,https://www.smogon.com/dex/sv/pokemon/shellos/draft/,
shelmet,1,https://www.smogon.com/dex/sv/pokemon/shelmet/draft/,
shieldon,1,https://www.smogon.com/dex/sv/pokemon/shieldon/draft/,
shinx,1,https://www.smogon.com/dex/sv/pokemon/shinx/draft/,
silcoon,1,https://www.smogon.com/dex/sv/pokemon/silcoon/draft/,
silicobra,1,https://www.smogon.com/dex/sv/pokemon/silicobra/draft/,
sinistea,1,https://www.smogon.com/dex/sv/pokemon/sinistea/draft/,
sizzlipede,1,https://www.smogon.com/dex/sv/pokemon/sizzlipede/draft/,
skorupi,1,https://www.smogon.com/dex/sv/pokemon/skorupi/draft/,
skwovet,1,https://www.smogon.com/dex/sv/pokemon/skwovet/draft/,
snom,1,https://www.smogon.com/dex/sv/pokemon/snom/draft/,
snorunt,1,https://www.smogon.com/dex/sv/pokemon/snorunt/draft/,
sobble,1,https://www.smogon.com/dex/sv/pokemon/sobble/draft/,
solosis,1,https://www.smogon.com/dex/sv/pokemon/solosis/draft/,
spheal,1,https://www.smogon.com/dex/sv/pokemon/spheal/draft/,
spritzee,1,https://www.smogon.com/dex/sv/pokemon/spritzee/draft/,
steenee,1,https://www.smogon.com/dex/sv/pokemon/steenee/draft/,
stufful,1,https://www.smogon.com/dex/sv/pokemon/stufful/draft/,
stunky,1,https://www.smogon.com/dex/sv/pokemon/stunky/draft/,
swablu,1,https://www.smogon.com/dex/sv/pokemon/swablu/draft/,
swinub,1,https://www.smogon.com/dex/sv/pokemon/swinub/draft/,
swirlix,1,https://www.smogon.com/dex/sv/pokemon/swirlix/draft/,
teddiursa,1,https://www.smogon.com/dex/sv/pokemon/teddiursa/draft/,
tentacool,1,https://www.smogon.com/dex/sv/pokemon/tentacool/draft/,
timburr,1,https://www.smogon.com/dex/sv/pokemon/timburr/draft/,
togepi,1,https://www.smogon.com/dex/sv/pokemon/togepi/draft/,
toxel,1,https://www.smogon.com/dex/sv/pokemon/toxel/draft/,
tranquill,1,https://www.smogon.com/dex/sv/pokemon/tranquill/draft/,
trubbish,1,https://www.smogon.com/dex/sv/pokemon/trubbish/draft/,
turtwig,1,https://www.smogon.com/dex/sv/pokemon/turtwig/draft/,
tympole,1,https://www.smogon.com/dex/sv/pokemon/tympole/draft/,
tyrogue,1,https://www.smogon.com/dex/sv/pokemon/tyrogue/draft/,
vanillite,1,https://www.smogon.com/dex/sv/pokemon/vanillite/draft/,
vibrava,1,https://www.smogon.com/dex/sv/pokemon/vibrava/draft/,
wailmer,1,https://www.smogon.com/dex/sv/pokemon/wailmer/draft/,
wimpod,1,https://www.smogon.com/dex/sv/pokemon/wimpod/draft/,
wingull,1,https://www.smogon.com/dex/sv/pokemon/wingull/draft/,
woobat,1,https://www.smogon.com/dex/sv/pokemon/woobat/draft/,
wooloo,1,https://www.smogon.com/dex/sv/pokemon/wooloo/draft/,
wooper,1,https://www.smogon.com/dex/sv/pokemon/wooper/draft/,
wormadam,1,https://www.smogon.com/dex/sv/pokemon/wormadam/draft/,
wurmple,1,https://www.smogon.com/dex/sv/pokemon/wurmple/draft/,
yamask,1,https://www.smogon.com/dex/sv/pokemon/yamask/draft/,
yamper,1,https://www.smogon.com/dex/sv/pokemon/yamper/draft/,
yanma,1,https://www.smogon.com/dex/sv/pokemon/yanma/draft/,
zigzagoon,1,https://www.smogon.com/dex/sv/pokemon/zigzagoon/draft/,
zubat,1,https://www.smogon.com/dex/sv/pokemon/zubat/draft/,
